Match_ID,Round_Num,Economy_State,Utility_Damage,Headshot_Kill,Entry_Attempt,Entry_Success,Round_Won,Player_Level
1,1,Full Buy,16.317025836213762,-1,0,-1,1,Amateur
1,2,Full Buy,22.579150862860285,-1,1,0,1,Amateur
1,3,Full Buy,23.23664684242212,1,1,0,1,Amateur
1,4,Eco,23.771004773302185,1,1,0,0,Amateur
1,5,Full Buy,15.919077767642227,0,1,0,0,Amateur
1,6,Full Buy,18.827232999848093,-1,1,1,1,Amateur
1,7,Full Buy,10.294689346048111,1,0,-1,1,Amateur
1,8,Force,4.888608306524423,1,0,-1,0,Amateur
1,9,Full Buy,6.649693938968238,0,0,-1,0,Amateur
1,10,Full Buy,21.32038008501428,0,0,-1,0,Amateur
1,11,Full Buy,7.096060536485008,-1,1,1,1,Amateur
1,12,Force,9.406722162219836,-1,1,0,0,Amateur
1,13,Full Buy,17.635991595333437,0,0,-1,1,Amateur
1,14,Full Buy,14.687855138109907,0,0,-1,1,Amateur
1,15,Full Buy,6.46366011361565,-1,0,-1,1,Amateur
1,16,Full Buy,18.489457313577567,-1,0,-1,1,Amateur
1,17,Full Buy,25.559965901060103,1,0,-1,1,Amateur
1,18,Force,17.064826792110182,0,0,-1,0,Amateur
1,19,Full Buy,12.263200061991745,-1,1,1,0,Amateur
2,1,Eco,6.312574886976067,-1,0,-1,0,Amateur
2,2,Full Buy,3.554270187368937,-1,1,0,1,Amateur
2,3,Full Buy,5.86649050242351,-1,1,1,1,Amateur
2,4,Full Buy,12.891616619917547,1,0,-1,0,Amateur
2,5,Eco,12.80836488090389,1,0,-1,0,Amateur
2,6,Eco,23.034608411029446,-1,0,-1,0,Amateur
2,7,Full Buy,20.46055595984513,1,0,-1,1,Amateur
2,8,Full Buy,12.682181412992145,0,0,-1,1,Amateur
2,9,Full Buy,14.518557083136397,0,0,-1,1,Amateur
2,10,Full Buy,7.957914049988308,0,0,-1,0,Amateur
2,11,Full Buy,11.110463616470165,0,1,0,0,Amateur
2,12,Force,13.091237298365856,-1,0,-1,0,Amateur
2,13,Full Buy,15.644387143811642,0,1,1,0,Amateur
2,14,Full Buy,19.444667009991498,0,0,-1,0,Amateur
2,15,Full Buy,11.412942811154467,1,0,-1,0,Amateur
2,16,Force,0.0,-1,0,-1,1,Amateur
2,17,Eco,7.377756344911466,1,0,-1,0,Amateur
2,18,Full Buy,17.43968207385003,-1,0,-1,1,Amateur
2,19,Full Buy,34.42766650064782,0,0,-1,1,Amateur
2,20,Full Buy,18.950844074867,1,0,-1,0,Amateur
2,21,Full Buy,15.760379660253808,-1,0,-1,1,Amateur
2,22,Force,17.242905541693595,0,0,-1,1,Amateur
3,1,Force,0.0,-1,0,-1,1,Amateur
3,2,Full Buy,17.445787856313853,1,0,-1,1,Amateur
3,3,Force,5.438593909716602,1,0,-1,0,Amateur
3,4,Force,17.59758131814786,1,1,0,1,Amateur
3,5,Eco,2.9486942643817766,-1,1,0,1,Amateur
3,6,Full Buy,4.599077835888858,1,0,-1,0,Amateur
3,7,Full Buy,21.409663109523837,-1,1,1,1,Amateur
3,8,Force,21.472790431956472,1,0,-1,0,Amateur
3,9,Eco,11.941348241554396,-1,0,-1,0,Amateur
3,10,Eco,24.15087255981625,-1,0,-1,1,Amateur
3,11,Eco,9.962408806929638,0,1,0,0,Amateur
3,12,Force,14.897432241195844,-1,0,-1,0,Amateur
3,13,Full Buy,28.713646242073946,-1,0,-1,1,Amateur
3,14,Eco,17.893646673019923,-1,0,-1,0,Amateur
3,15,Full Buy,17.19927643597704,-1,0,-1,0,Amateur
3,16,Force,13.012695278362733,-1,0,-1,0,Amateur
3,17,Full Buy,18.291546972541568,0,0,-1,0,Amateur
4,1,Full Buy,8.694064255600686,-1,0,-1,0,Amateur
4,2,Full Buy,27.779223491313765,0,1,1,1,Amateur
4,3,Eco,9.594970637633477,-1,0,-1,0,Amateur
4,4,Eco,14.45318782900004,1,1,0,0,Amateur
4,5,Full Buy,8.592093999144211,1,0,-1,0,Amateur
4,6,Full Buy,19.137282549666278,1,0,-1,1,Amateur
4,7,Full Buy,23.87001843087528,0,1,0,1,Amateur
4,8,Full Buy,9.92337487168006,-1,0,-1,1,Amateur
4,9,Eco,11.102716763980203,0,0,-1,0,Amateur
4,10,Full Buy,8.708337219641354,1,0,-1,0,Amateur
4,11,Full Buy,8.105973953356578,0,0,-1,0,Amateur
4,12,Full Buy,12.938280676279346,-1,1,0,0,Amateur
4,13,Eco,9.96687615168208,-1,0,-1,0,Amateur
4,14,Eco,14.42675909269227,-1,0,-1,0,Amateur
4,15,Full Buy,8.35040789686904,1,0,-1,0,Amateur
4,16,Full Buy,22.5207795637372,1,0,-1,1,Amateur
5,1,Full Buy,16.8828495595654,0,1,1,1,Amateur
5,2,Eco,18.132213553210466,0,0,-1,0,Amateur
5,3,Full Buy,11.82350447556129,-1,0,-1,1,Amateur
5,4,Force,14.996227272547575,-1,0,-1,0,Amateur
5,5,Full Buy,15.568365919678818,-1,0,-1,1,Amateur
5,6,Full Buy,14.46647803842651,-1,0,-1,1,Amateur
5,7,Full Buy,7.701657366418829,-1,0,-1,1,Amateur
5,8,Full Buy,6.874448239923177,-1,0,-1,1,Amateur
5,9,Full Buy,12.140478755897396,-1,0,-1,0,Amateur
5,10,Eco,17.54225268877485,0,1,1,0,Amateur
5,11,Full Buy,22.606644575830728,1,0,-1,1,Amateur
5,12,Eco,8.255497349046308,-1,1,1,1,Amateur
5,13,Full Buy,15.236763052081002,0,0,-1,0,Amateur
5,14,Full Buy,14.3529464329457,-1,1,1,1,Amateur
5,15,Force,0.0,0,0,-1,0,Amateur
5,16,Full Buy,11.122158566353411,-1,0,-1,0,Amateur
5,17,Full Buy,17.156195230888482,0,0,-1,0,Amateur
5,18,Full Buy,21.489705515778795,0,0,-1,1,Amateur
5,19,Full Buy,19.062493612299587,1,0,-1,0,Amateur
5,20,Full Buy,12.274967300688635,0,0,-1,1,Amateur
5,21,Eco,4.963615656909811,0,0,-1,0,Amateur
5,22,Full Buy,8.784206579824765,1,0,-1,1,Amateur
6,1,Force,27.385648260350308,1,1,1,1,Amateur
6,2,Force,10.764479947264393,-1,1,1,1,Amateur
6,3,Force,26.753075930414724,-1,1,0,0,Amateur
6,4,Eco,13.2468448638021,0,1,1,0,Amateur
6,5,Full Buy,9.169041145637351,-1,0,-1,0,Amateur
6,6,Full Buy,4.40362186613463,0,1,1,0,Amateur
6,7,Full Buy,6.1941201659314995,0,0,-1,1,Amateur
6,8,Force,13.55637716272277,-1,1,1,1,Amateur
6,9,Force,14.527559127717673,-1,0,-1,0,Amateur
6,10,Full Buy,19.373948856597565,-1,0,-1,0,Amateur
6,11,Full Buy,10.283515671418101,1,0,-1,0,Amateur
6,12,Full Buy,8.321186221877124,0,1,1,1,Amateur
6,13,Force,8.853242530327915,-1,1,0,1,Amateur
6,14,Full Buy,6.952064612241288,0,1,1,0,Amateur
6,15,Full Buy,7.9319874237699075,0,0,-1,0,Amateur
6,16,Full Buy,9.271937884457168,-1,0,-1,1,Amateur
7,1,Full Buy,14.511024537323037,-1,0,-1,0,Amateur
7,2,Eco,24.962969642321838,0,0,-1,0,Amateur
7,3,Full Buy,26.979057097900622,1,0,-1,1,Amateur
7,4,Eco,26.88794489379454,-1,1,0,0,Amateur
7,5,Full Buy,16.16061159413279,-1,0,-1,0,Amateur
7,6,Full Buy,17.506618211930228,-1,0,-1,0,Amateur
7,7,Full Buy,17.05512405810554,-1,0,-1,0,Amateur
7,8,Full Buy,16.481042444815426,-1,1,0,0,Amateur
7,9,Force,9.494495323076842,0,0,-1,0,Amateur
7,10,Full Buy,26.34913231337389,0,0,-1,1,Amateur
7,11,Full Buy,14.694106008474575,-1,0,-1,1,Amateur
7,12,Full Buy,2.2866487976892316,1,0,-1,1,Amateur
7,13,Full Buy,19.790544445396087,1,1,0,1,Amateur
7,14,Full Buy,18.045411343984043,-1,0,-1,1,Amateur
7,15,Full Buy,35.22109495988731,0,0,-1,0,Amateur
7,16,Eco,14.275684232596573,0,0,-1,0,Amateur
7,17,Full Buy,4.755501209553527,0,0,-1,0,Amateur
7,18,Full Buy,8.238168889642644,-1,1,1,0,Amateur
8,1,Full Buy,16.36706462215699,0,1,0,0,Amateur
8,2,Full Buy,14.56718816995392,0,0,-1,1,Amateur
8,3,Eco,30.770837712162404,1,1,1,0,Amateur
8,4,Eco,16.667668669754555,-1,0,-1,0,Amateur
8,5,Full Buy,21.890878826030008,-1,0,-1,1,Amateur
8,6,Full Buy,7.270680480703262,-1,1,0,1,Amateur
8,7,Full Buy,25.942692664617418,-1,1,0,1,Amateur
8,8,Full Buy,20.885955206834304,-1,0,-1,1,Amateur
8,9,Full Buy,8.25703651086405,0,1,0,1,Amateur
8,10,Force,14.045005944307343,-1,0,-1,0,Amateur
8,11,Eco,22.720075883282014,0,0,-1,0,Amateur
8,12,Force,0.0,-1,0,-1,0,Amateur
8,13,Full Buy,5.225969081739199,-1,1,1,0,Amateur
8,14,Full Buy,25.26589310396536,-1,1,1,1,Amateur
8,15,Eco,9.328358136041585,-1,0,-1,1,Amateur
8,16,Eco,16.425621928595426,-1,0,-1,0,Amateur
8,17,Full Buy,5.432556706800719,-1,0,-1,0,Amateur
8,18,Eco,17.311549248609847,-1,1,1,1,Amateur
8,19,Full Buy,4.309491383356143,1,0,-1,1,Amateur
8,20,Full Buy,7.285862136616081,0,0,-1,1,Amateur
8,21,Full Buy,19.802758831209147,0,0,-1,1,Amateur
8,22,Force,12.783292245543986,0,0,-1,1,Amateur
8,23,Full Buy,3.980868341698727,1,1,0,1,Amateur
9,1,Full Buy,13.705721955778365,-1,0,-1,1,Amateur
9,2,Full Buy,10.030491043517497,-1,0,-1,0,Amateur
9,3,Force,8.476534467239006,0,0,-1,0,Amateur
9,4,Full Buy,0.0164993708848602,0,1,1,0,Amateur
9,5,Eco,6.07291859697682,0,0,-1,0,Amateur
9,6,Full Buy,16.639105584449883,1,0,-1,1,Amateur
9,7,Full Buy,12.171736041233066,-1,0,-1,0,Amateur
9,8,Full Buy,9.639141871425947,-1,0,-1,1,Amateur
9,9,Full Buy,29.089282032143835,0,0,-1,1,Amateur
9,10,Eco,10.845500683241314,-1,0,-1,0,Amateur
9,11,Full Buy,8.38771104616658,0,1,0,0,Amateur
9,12,Full Buy,18.86388206880342,0,0,-1,0,Amateur
9,13,Full Buy,22.5758971520969,-1,0,-1,1,Amateur
9,14,Full Buy,4.243025683127071,1,1,0,1,Amateur
9,15,Eco,31.241842268716628,0,0,-1,1,Amateur
9,16,Full Buy,22.434990469303255,1,0,-1,1,Amateur
10,1,Full Buy,22.081842804038367,-1,0,-1,1,Amateur
10,2,Force,8.445906109102001,0,0,-1,0,Amateur
10,3,Force,20.304821365005875,-1,0,-1,1,Amateur
10,4,Full Buy,9.378980849297395,0,0,-1,0,Amateur
10,5,Full Buy,22.86543208129906,0,0,-1,0,Amateur
10,6,Force,3.58884642276006,-1,0,-1,1,Amateur
10,7,Eco,6.569436374610612,-1,0,-1,0,Amateur
10,8,Full Buy,19.890256789336085,0,0,-1,0,Amateur
10,9,Force,11.502078090421437,1,0,-1,0,Amateur
10,10,Full Buy,8.535820110240788,1,1,0,1,Amateur
10,11,Eco,9.283021314987277,0,0,-1,0,Amateur
10,12,Force,18.571345533932316,-1,1,0,1,Amateur
10,13,Force,20.339716569553204,0,0,-1,1,Amateur
10,14,Full Buy,16.804493719525393,-1,0,-1,1,Amateur
10,15,Full Buy,20.585267577338296,-1,0,-1,0,Amateur
11,1,Full Buy,13.302901863210032,0,0,-1,0,Amateur
11,2,Full Buy,20.213313943050807,0,0,-1,0,Amateur
11,3,Force,9.748451521482584,-1,1,0,1,Amateur
11,4,Full Buy,6.347683222622972,-1,0,-1,0,Amateur
11,5,Full Buy,14.607395511145572,1,0,-1,0,Amateur
11,6,Force,11.932700514264326,-1,1,1,1,Amateur
11,7,Eco,10.263430012343424,-1,1,1,0,Amateur
11,8,Full Buy,8.306979030676185,-1,0,-1,0,Amateur
11,9,Force,18.26331832622889,0,1,1,0,Amateur
11,10,Full Buy,19.83829354625946,0,0,-1,0,Amateur
11,11,Full Buy,9.855853338571059,-1,0,-1,1,Amateur
11,12,Eco,20.88727234348342,-1,0,-1,0,Amateur
11,13,Eco,22.09061813915035,1,0,-1,0,Amateur
11,14,Force,13.753759088086236,-1,0,-1,0,Amateur
11,15,Eco,0.07259295870018789,1,0,-1,0,Amateur
11,16,Force,9.033314112429261,0,0,-1,0,Amateur
11,17,Full Buy,11.889411528919895,-1,0,-1,1,Amateur
11,18,Full Buy,4.693509378444666,-1,0,-1,0,Amateur
11,19,Force,3.0171212713149203,0,1,1,0,Amateur
11,20,Force,17.243155634280193,0,0,-1,1,Amateur
11,21,Full Buy,15.299467590908712,0,0,-1,0,Amateur
11,22,Full Buy,12.49401565350703,0,0,-1,1,Amateur
12,1,Full Buy,2.6924413537129386,-1,0,-1,0,Amateur
12,2,Full Buy,12.372130612347316,-1,0,-1,0,Amateur
12,3,Eco,3.3023969403118745,0,1,0,0,Amateur
12,4,Eco,5.248763406575819,0,1,0,0,Amateur
12,5,Full Buy,15.603719305309486,0,0,-1,0,Amateur
12,6,Full Buy,11.796478167448356,0,0,-1,0,Amateur
12,7,Full Buy,24.799538109934154,0,0,-1,1,Amateur
12,8,Full Buy,9.777931890643073,-1,0,-1,0,Amateur
12,9,Full Buy,16.541937769716743,0,1,1,1,Amateur
12,10,Full Buy,0.0,-1,0,-1,1,Amateur
12,11,Full Buy,15.68480805231745,0,0,-1,0,Amateur
12,12,Full Buy,20.219379959850173,0,1,1,1,Amateur
12,13,Full Buy,6.782524711869265,1,0,-1,0,Amateur
12,14,Force,3.4587223901421495,1,0,-1,0,Amateur
12,15,Full Buy,8.074117555771759,0,1,1,1,Amateur
12,16,Full Buy,12.005730312579292,1,0,-1,1,Amateur
12,17,Full Buy,13.118195408939268,0,0,-1,1,Amateur
12,18,Force,12.343641853341303,0,0,-1,0,Amateur
12,19,Full Buy,28.328252014664308,-1,0,-1,1,Amateur
12,20,Full Buy,4.18056023538791,-1,0,-1,1,Amateur
12,21,Full Buy,9.726010595014001,0,0,-1,0,Amateur
13,1,Force,25.538006508038382,-1,0,-1,0,Amateur
13,2,Eco,18.128480540509052,-1,0,-1,0,Amateur
13,3,Eco,12.434983939239924,-1,0,-1,0,Amateur
13,4,Eco,19.41429372291737,0,0,-1,0,Amateur
13,5,Full Buy,15.425419331285948,-1,1,1,0,Amateur
13,6,Force,8.633617275129364,0,1,0,0,Amateur
13,7,Full Buy,26.398219477067503,0,0,-1,0,Amateur
13,8,Full Buy,14.382961931206674,-1,0,-1,1,Amateur
13,9,Full Buy,16.144599044438216,-1,0,-1,1,Amateur
13,10,Full Buy,20.035998012946123,0,0,-1,0,Amateur
13,11,Full Buy,11.233339695748851,1,0,-1,0,Amateur
13,12,Full Buy,22.028295698627616,1,0,-1,1,Amateur
13,13,Force,11.17020052531414,-1,0,-1,0,Amateur
13,14,Full Buy,8.527267766173484,1,1,0,0,Amateur
13,15,Full Buy,3.738371446147511,1,0,-1,0,Amateur
13,16,Full Buy,4.902790424636359,-1,0,-1,0,Amateur
14,1,Full Buy,2.270429034163582,0,0,-1,0,Amateur
14,2,Eco,11.231200183993252,-1,0,-1,1,Amateur
14,3,Full Buy,15.744591707906086,-1,1,0,1,Amateur
14,4,Force,14.259259058074349,-1,0,-1,0,Amateur
14,5,Full Buy,22.744016004412195,-1,0,-1,1,Amateur
14,6,Force,13.737628543021719,0,1,0,1,Amateur
14,7,Full Buy,3.661821535572569,0,0,-1,1,Amateur
14,8,Full Buy,21.44307376969414,0,1,1,1,Amateur
14,9,Full Buy,15.687800867828036,0,0,-1,1,Amateur
14,10,Full Buy,10.935352251955806,-1,0,-1,1,Amateur
14,11,Full Buy,21.734194508716136,0,1,0,0,Amateur
14,12,Force,13.306680303853767,-1,0,-1,0,Amateur
14,13,Force,11.97098598860058,-1,0,-1,0,Amateur
14,14,Full Buy,7.374278024211884,-1,0,-1,0,Amateur
14,15,Full Buy,24.47381763810847,1,1,0,1,Amateur
14,16,Force,8.928233602359494,-1,1,1,1,Amateur
15,1,Full Buy,5.8967028851499315,1,0,-1,1,Amateur
15,2,Full Buy,11.274439152121014,1,1,1,1,Amateur
15,3,Full Buy,2.233750045641914,1,0,-1,1,Amateur
15,4,Full Buy,8.268096089179217,1,0,-1,0,Amateur
15,5,Eco,16.659445653261244,-1,0,-1,0,Amateur
15,6,Full Buy,19.05721831414266,-1,1,0,1,Amateur
15,7,Force,18.348672549473925,0,0,-1,0,Amateur
15,8,Force,10.964357438991737,-1,0,-1,1,Amateur
15,9,Force,10.14523839752019,-1,0,-1,0,Amateur
15,10,Force,15.55710695115252,0,0,-1,0,Amateur
15,11,Full Buy,22.814505030524902,0,0,-1,1,Amateur
15,12,Full Buy,17.046819682317253,-1,0,-1,1,Amateur
15,13,Force,9.34318506041082,-1,0,-1,0,Amateur
16,1,Full Buy,30.254143451003785,-1,0,-1,1,Amateur
16,2,Full Buy,10.899018009252561,-1,1,1,1,Amateur
16,3,Eco,13.39654947427975,-1,0,-1,0,Amateur
16,4,Force,16.707849280497115,0,1,0,1,Amateur
16,5,Full Buy,11.505899903488544,1,0,-1,1,Amateur
16,6,Full Buy,23.435082957949664,1,1,1,1,Amateur
16,7,Eco,13.109806996569215,0,0,-1,0,Amateur
16,8,Force,7.898878230379177,0,0,-1,1,Amateur
16,9,Full Buy,9.450244741071742,0,0,-1,0,Amateur
16,10,Full Buy,4.802707020769018,-1,0,-1,1,Amateur
16,11,Eco,9.17628886223262,-1,0,-1,1,Amateur
16,12,Eco,15.742628037817825,-1,0,-1,0,Amateur
16,13,Full Buy,13.837062578899072,0,0,-1,1,Amateur
16,14,Full Buy,6.1885174138291115,-1,0,-1,0,Amateur
16,15,Full Buy,6.876257339467166,-1,0,-1,0,Amateur
16,16,Full Buy,0.0,1,0,-1,1,Amateur
16,17,Force,28.101157492858526,0,0,-1,0,Amateur
16,18,Full Buy,8.759995538976632,-1,0,-1,1,Amateur
16,19,Full Buy,11.397119969568275,1,0,-1,1,Amateur
16,20,Eco,13.630299863573004,-1,0,-1,0,Amateur
16,21,Full Buy,21.40289735561098,-1,0,-1,1,Amateur
16,22,Force,8.40174004720023,-1,0,-1,0,Amateur
17,1,Eco,17.24991770548533,-1,0,-1,1,Amateur
17,2,Eco,22.178112204226736,0,0,-1,0,Amateur
17,3,Eco,8.495372387339,0,0,-1,0,Amateur
17,4,Full Buy,19.49488089656866,0,1,1,0,Amateur
17,5,Force,0.8358917146409546,-1,0,-1,0,Amateur
17,6,Force,0.0,-1,1,0,0,Amateur
17,7,Force,11.83014800349512,0,0,-1,0,Amateur
17,8,Full Buy,14.978059653418097,0,1,0,0,Amateur
17,9,Full Buy,12.339397749752331,-1,0,-1,0,Amateur
17,10,Force,12.39874725197546,0,0,-1,0,Amateur
17,11,Full Buy,16.95856751942081,0,0,-1,0,Amateur
17,12,Full Buy,0.6746606859092754,-1,0,-1,1,Amateur
17,13,Force,22.01587731661357,1,0,-1,0,Amateur
17,14,Full Buy,10.040316272401197,-1,0,-1,0,Amateur
17,15,Full Buy,7.50571180842432,-1,0,-1,1,Amateur
17,16,Force,17.537963036907012,-1,0,-1,0,Amateur
17,17,Full Buy,25.088746958633834,-1,0,-1,1,Amateur
17,18,Full Buy,10.202546700697784,0,1,0,1,Amateur
17,19,Full Buy,9.136992978752872,-1,0,-1,1,Amateur
17,20,Full Buy,30.907394999677766,0,0,-1,0,Amateur
17,21,Full Buy,12.95070040752685,-1,1,1,1,Amateur
17,22,Full Buy,22.186860352198423,0,0,-1,1,Amateur
18,1,Eco,8.531592978998983,1,0,-1,0,Amateur
18,2,Full Buy,3.820390924386432,-1,1,0,1,Amateur
18,3,Force,15.126462166433539,0,1,0,0,Amateur
18,4,Full Buy,3.363159215533427,0,0,-1,1,Amateur
18,5,Full Buy,8.160778402882563,-1,0,-1,1,Amateur
18,6,Full Buy,0.0,0,1,0,0,Amateur
18,7,Full Buy,11.080401500618283,-1,0,-1,1,Amateur
18,8,Eco,6.004810696449038,-1,1,1,1,Amateur
18,9,Force,12.534300377135771,0,0,-1,1,Amateur
18,10,Force,14.716944864449008,1,0,-1,0,Amateur
18,11,Force,11.818422493084983,-1,1,0,0,Amateur
18,12,Eco,13.776692672476305,1,0,-1,0,Amateur
18,13,Full Buy,7.135764128843681,1,0,-1,0,Amateur
18,14,Full Buy,17.275668836283426,-1,1,0,1,Amateur
18,15,Eco,15.621054281682012,1,0,-1,0,Amateur
18,16,Full Buy,13.24603516997156,0,1,0,1,Amateur
19,1,Full Buy,9.861338466622824,0,0,-1,0,Amateur
19,2,Eco,27.07006502510001,0,0,-1,1,Amateur
19,3,Full Buy,8.036764018347064,-1,0,-1,0,Amateur
19,4,Full Buy,9.426947633011231,-1,0,-1,0,Amateur
19,5,Full Buy,15.222303543117631,-1,0,-1,1,Amateur
19,6,Eco,12.776570537496466,0,0,-1,0,Amateur
19,7,Eco,10.015496826561197,0,0,-1,1,Amateur
19,8,Full Buy,21.039119964377285,-1,0,-1,1,Amateur
19,9,Full Buy,18.357731499193036,0,1,0,0,Amateur
19,10,Force,11.657249792553525,0,0,-1,0,Amateur
19,11,Eco,6.314141944554529,-1,0,-1,0,Amateur
19,12,Eco,15.965193459154227,0,0,-1,0,Amateur
19,13,Full Buy,21.041134380506072,1,0,-1,1,Amateur
19,14,Force,23.026394218522512,-1,0,-1,0,Amateur
19,15,Full Buy,14.360690111041352,1,0,-1,0,Amateur
19,16,Full Buy,10.527835950325182,1,0,-1,0,Amateur
19,17,Full Buy,22.078961825927763,-1,0,-1,1,Amateur
20,1,Eco,12.839923563907826,-1,0,-1,0,Amateur
20,2,Full Buy,16.131515115334274,0,0,-1,0,Amateur
20,3,Full Buy,4.502508335432049,1,1,0,1,Amateur
20,4,Force,6.538071726795062,-1,0,-1,0,Amateur
20,5,Eco,16.52672892908127,-1,0,-1,0,Amateur
20,6,Force,23.205686634959836,-1,0,-1,1,Amateur
20,7,Full Buy,9.39035176310452,-1,0,-1,0,Amateur
20,8,Full Buy,10.3446905611317,-1,0,-1,1,Amateur
20,9,Full Buy,5.029324430703609,-1,0,-1,0,Amateur
20,10,Full Buy,10.160625061515537,-1,0,-1,1,Amateur
20,11,Full Buy,12.528261349972642,0,0,-1,0,Amateur
20,12,Full Buy,27.292221373939963,0,0,-1,1,Amateur
20,13,Force,19.596185471875074,-1,1,1,1,Amateur
20,14,Full Buy,18.21782938141781,-1,0,-1,1,Amateur
20,15,Full Buy,6.798588028285046,1,0,-1,0,Amateur
20,16,Full Buy,9.46618604608535,0,0,-1,0,Amateur
20,17,Full Buy,18.56550131764049,1,1,0,0,Amateur
21,1,Full Buy,17.572982212746766,0,0,-1,1,Amateur
21,2,Full Buy,31.81274055987872,0,0,-1,0,Amateur
21,3,Full Buy,5.899067859824003,0,1,1,1,Amateur
21,4,Full Buy,18.480091705069427,0,0,-1,0,Amateur
21,5,Full Buy,7.802705900113662,-1,0,-1,1,Amateur
21,6,Eco,3.75984242145506,-1,0,-1,0,Amateur
21,7,Full Buy,2.4669573817829846,-1,1,0,1,Amateur
21,8,Eco,18.32039174582722,-1,1,1,1,Amateur
21,9,Full Buy,0.0,0,0,-1,1,Amateur
21,10,Full Buy,13.80518255403192,-1,0,-1,0,Amateur
21,11,Full Buy,10.20621703458075,1,0,-1,1,Amateur
21,12,Full Buy,8.429722593119067,0,0,-1,0,Amateur
21,13,Full Buy,14.014073652602887,0,1,1,1,Amateur
21,14,Full Buy,8.696589943901571,-1,0,-1,0,Amateur
21,15,Eco,16.583468637204923,-1,0,-1,0,Amateur
21,16,Full Buy,11.821842362265514,1,0,-1,0,Amateur
21,17,Full Buy,8.712938377516934,0,1,0,1,Amateur
21,18,Eco,15.530524676442711,1,0,-1,0,Amateur
21,19,Eco,0.0,-1,0,-1,0,Amateur
21,20,Full Buy,18.12854552510358,0,0,-1,1,Amateur
21,21,Force,22.7472571004503,0,0,-1,0,Amateur
22,1,Force,11.24967439780733,1,0,-1,0,Amateur
22,2,Full Buy,11.22721562982353,-1,1,0,1,Amateur
22,3,Force,4.49878503473137,-1,0,-1,0,Amateur
22,4,Force,1.2159326544533489,-1,0,-1,0,Amateur
22,5,Full Buy,7.358909534526679,-1,0,-1,1,Amateur
22,6,Full Buy,9.683124570503587,-1,0,-1,0,Amateur
22,7,Full Buy,12.898834103852046,-1,1,1,1,Amateur
22,8,Eco,0.37353004755275165,0,1,0,0,Amateur
22,9,Full Buy,10.515089011206983,0,0,-1,1,Amateur
22,10,Full Buy,2.003866935520506,-1,0,-1,1,Amateur
22,11,Full Buy,5.112627717631363,0,0,-1,1,Amateur
22,12,Force,4.169816164414236,-1,0,-1,0,Amateur
22,13,Force,6.944725415557049,1,0,-1,0,Amateur
22,14,Full Buy,20.706717444989998,0,1,1,1,Amateur
22,15,Full Buy,26.708432179544157,1,0,-1,0,Amateur
22,16,Full Buy,10.467658518142304,0,0,-1,0,Amateur
22,17,Full Buy,14.960849722786143,-1,0,-1,0,Amateur
22,18,Full Buy,0.5887727225518304,1,1,0,1,Amateur
22,19,Full Buy,21.83345050499794,0,0,-1,0,Amateur
23,1,Full Buy,21.965141209922763,0,0,-1,1,Amateur
23,2,Eco,15.672873425886888,1,1,1,1,Amateur
23,3,Eco,18.058872066658335,0,0,-1,1,Amateur
23,4,Full Buy,6.963533388555889,0,0,-1,0,Amateur
23,5,Force,23.1285347673969,0,1,0,1,Amateur
23,6,Eco,13.986572199140058,-1,0,-1,0,Amateur
23,7,Eco,14.264082446258541,-1,0,-1,1,Amateur
23,8,Full Buy,14.016671017471657,1,0,-1,1,Amateur
23,9,Force,20.677273987599584,0,1,1,0,Amateur
23,10,Full Buy,26.163046024818584,-1,0,-1,1,Amateur
23,11,Full Buy,19.869198895991467,-1,1,0,1,Amateur
23,12,Force,21.64998217509188,-1,0,-1,1,Amateur
23,13,Full Buy,2.6587037136570224,1,1,1,0,Amateur
23,14,Force,14.804326180020777,0,0,-1,0,Amateur
24,1,Eco,18.649858176461173,0,0,-1,0,Amateur
24,2,Full Buy,6.1851766020687196,-1,0,-1,1,Amateur
24,3,Full Buy,15.34667080948964,-1,1,0,1,Amateur
24,4,Eco,6.367555055183579,1,0,-1,0,Amateur
24,5,Eco,6.990850417377199,1,0,-1,0,Amateur
24,6,Full Buy,20.879114397282407,-1,0,-1,0,Amateur
24,7,Full Buy,15.733253949502227,1,0,-1,1,Amateur
24,8,Full Buy,12.277447729472527,0,1,1,0,Amateur
24,9,Full Buy,5.612290880352587,1,0,-1,0,Amateur
24,10,Eco,20.40939180471227,-1,0,-1,0,Amateur
24,11,Full Buy,9.146242053558915,1,1,0,1,Amateur
24,12,Full Buy,4.455013018600889,1,0,-1,1,Amateur
24,13,Full Buy,19.796589319638027,-1,0,-1,1,Amateur
24,14,Full Buy,24.215772579248366,1,0,-1,1,Amateur
24,15,Full Buy,10.699670669757108,-1,0,-1,1,Amateur
24,16,Eco,17.2223120175764,1,0,-1,1,Amateur
24,17,Full Buy,11.473748852612461,-1,0,-1,0,Amateur
24,18,Full Buy,0.0,-1,0,-1,0,Amateur
25,1,Full Buy,18.007669208088707,-1,0,-1,0,Amateur
25,2,Eco,18.02730007995554,-1,0,-1,0,Amateur
25,3,Eco,13.712994066833907,-1,0,-1,0,Amateur
25,4,Eco,23.843141060466312,-1,0,-1,0,Amateur
25,5,Full Buy,14.213391650592857,-1,0,-1,1,Amateur
25,6,Full Buy,14.707672385359501,-1,1,1,1,Amateur
25,7,Full Buy,8.134694378951824,0,0,-1,0,Amateur
25,8,Full Buy,12.71181366161215,0,1,1,1,Amateur
25,9,Force,21.97150656502638,-1,0,-1,1,Amateur
25,10,Full Buy,16.90383742507587,1,0,-1,1,Amateur
25,11,Force,11.159148373535254,0,0,-1,1,Amateur
25,12,Eco,0.15002108171285577,-1,0,-1,0,Amateur
25,13,Eco,1.7463728101735896,0,0,-1,1,Amateur
25,14,Force,14.293184052270071,0,0,-1,0,Amateur
25,15,Eco,3.032299932848984,-1,1,0,0,Amateur
25,16,Full Buy,11.133433695359097,1,0,-1,1,Amateur
25,17,Full Buy,1.8131295368137668,0,0,-1,1,Amateur
25,18,Full Buy,16.2352086625736,1,0,-1,0,Amateur
25,19,Full Buy,15.98121044335125,0,1,0,0,Amateur
25,20,Force,13.134034441910265,0,1,0,0,Amateur
25,21,Full Buy,4.247145862211978,-1,0,-1,0,Amateur
25,22,Full Buy,17.231607284487566,-1,0,-1,1,Amateur
26,1,Full Buy,37.47114452720069,-1,0,-1,0,Amateur
26,2,Eco,2.7561582910131808,-1,1,1,1,Amateur
26,3,Full Buy,21.712816324555675,0,0,-1,0,Amateur
26,4,Full Buy,0.0,1,0,-1,0,Amateur
26,5,Force,16.08995049643648,1,0,-1,0,Amateur
26,6,Full Buy,6.945345438584214,1,0,-1,1,Amateur
26,7,Full Buy,10.788288914880447,0,0,-1,0,Amateur
26,8,Full Buy,20.721914942488187,-1,0,-1,1,Amateur
26,9,Full Buy,3.3322317085967708,-1,0,-1,0,Amateur
26,10,Full Buy,22.696042476486266,-1,0,-1,1,Amateur
26,11,Full Buy,20.409530103158247,0,0,-1,1,Amateur
26,12,Force,9.637357563137746,1,0,-1,0,Amateur
26,13,Full Buy,22.56785522423812,-1,1,1,1,Amateur
26,14,Full Buy,7.09004687033903,1,1,1,0,Amateur
26,15,Full Buy,17.137760294769798,0,0,-1,1,Amateur
27,1,Force,22.777937412693298,-1,0,-1,0,Amateur
27,2,Full Buy,23.21812312526558,0,1,0,0,Amateur
27,3,Force,0.9592821433652716,0,0,-1,1,Amateur
27,4,Force,20.36363332406043,0,1,0,0,Amateur
27,5,Full Buy,6.013575608799109,0,0,-1,0,Amateur
27,6,Full Buy,20.612249218220477,0,0,-1,0,Amateur
27,7,Force,19.46913276699132,-1,0,-1,0,Amateur
27,8,Full Buy,16.2044100630632,0,0,-1,1,Amateur
27,9,Force,24.72144703343276,0,0,-1,1,Amateur
27,10,Full Buy,2.374883773234334,-1,0,-1,0,Amateur
27,11,Full Buy,10.500795594353734,1,0,-1,0,Amateur
27,12,Full Buy,14.705459329192648,-1,0,-1,1,Amateur
27,13,Full Buy,22.707306462918073,-1,0,-1,1,Amateur
27,14,Full Buy,8.454258143793783,0,0,-1,0,Amateur
27,15,Full Buy,18.404663522827025,-1,0,-1,1,Amateur
28,1,Eco,10.43449261141529,-1,0,-1,0,Amateur
28,2,Full Buy,4.039122851467674,1,0,-1,1,Amateur
28,3,Force,14.153206512250694,0,0,-1,1,Amateur
28,4,Full Buy,12.716371549749455,0,0,-1,1,Amateur
28,5,Full Buy,12.808970422522094,0,1,0,0,Amateur
28,6,Full Buy,11.129207199038813,-1,0,-1,1,Amateur
28,7,Full Buy,15.734157343394655,-1,0,-1,0,Amateur
28,8,Full Buy,30.177323421604996,1,0,-1,1,Amateur
28,9,Full Buy,25.359964865152822,-1,0,-1,1,Amateur
28,10,Full Buy,8.604817498907476,0,0,-1,0,Amateur
28,11,Full Buy,18.445683409549286,1,1,1,1,Amateur
28,12,Full Buy,30.66659853431922,1,0,-1,1,Amateur
28,13,Full Buy,9.476052626712184,0,0,-1,0,Amateur
29,1,Full Buy,12.008731328909331,1,0,-1,1,Amateur
29,2,Full Buy,6.9492625036007345,0,0,-1,1,Amateur
29,3,Force,12.013504600056661,0,1,0,0,Amateur
29,4,Full Buy,9.479176606140598,-1,1,0,0,Amateur
29,5,Eco,14.844410507317416,-1,1,1,1,Amateur
29,6,Eco,17.77436445998834,0,1,0,0,Amateur
29,7,Full Buy,23.410723087351492,0,0,-1,1,Amateur
29,8,Full Buy,14.080356809450873,1,0,-1,0,Amateur
29,9,Full Buy,24.98356037071921,1,0,-1,0,Amateur
29,10,Full Buy,27.989681829577542,1,0,-1,1,Amateur
29,11,Full Buy,7.745779716931494,0,1,0,1,Amateur
29,12,Full Buy,13.17771894379687,-1,1,0,0,Amateur
29,13,Eco,0.0,1,0,-1,0,Amateur
29,14,Force,18.53260327236198,-1,0,-1,0,Amateur
29,15,Eco,15.380359061982233,-1,0,-1,1,Amateur
29,16,Full Buy,3.54247943654385,0,0,-1,1,Amateur
29,17,Full Buy,3.7427943027950086,1,0,-1,0,Amateur
29,18,Full Buy,11.391402585973644,0,0,-1,1,Amateur
29,19,Full Buy,7.040154960177805,0,0,-1,0,Amateur
29,20,Full Buy,16.31542453768018,1,0,-1,1,Amateur
29,21,Eco,6.515332090129231,-1,1,0,0,Amateur
30,1,Force,6.082117992762338,0,0,-1,1,Amateur
30,2,Full Buy,0.5210667958638346,1,1,1,1,Amateur
30,3,Force,21.391847076979495,-1,0,-1,0,Amateur
30,4,Full Buy,7.470517822982183,0,0,-1,1,Amateur
30,5,Full Buy,16.71133915140038,-1,0,-1,1,Amateur
30,6,Full Buy,0.0,0,0,-1,1,Amateur
30,7,Full Buy,15.04233009773483,0,0,-1,0,Amateur
30,8,Full Buy,10.025102386363454,0,0,-1,1,Amateur
30,9,Full Buy,17.447669511755883,-1,0,-1,0,Amateur
30,10,Full Buy,15.501952013523331,0,1,1,1,Amateur
30,11,Full Buy,10.467680781757782,0,1,1,1,Amateur
30,12,Eco,21.50725102274655,-1,1,1,1,Amateur
30,13,Force,14.082259006645446,0,0,-1,0,Amateur
30,14,Full Buy,21.26031758167819,-1,0,-1,1,Amateur
31,1,Force,8.629582272007433,-1,0,-1,0,Amateur
31,2,Full Buy,11.708322496409053,0,1,1,1,Amateur
31,3,Full Buy,17.19156072693337,-1,0,-1,1,Amateur
31,4,Full Buy,17.678383421026567,0,0,-1,0,Amateur
31,5,Full Buy,20.51973063761262,-1,0,-1,1,Amateur
31,6,Force,23.683304221531632,0,0,-1,0,Amateur
31,7,Full Buy,14.33444913885517,0,1,0,0,Amateur
31,8,Force,19.589174065372383,-1,0,-1,1,Amateur
31,9,Force,13.109328337647222,1,1,0,1,Amateur
31,10,Full Buy,19.31594021650653,0,0,-1,0,Amateur
31,11,Force,3.045954325647269,1,1,0,1,Amateur
31,12,Full Buy,20.735425108620365,-1,0,-1,0,Amateur
31,13,Full Buy,6.354029712919651,0,1,1,1,Amateur
31,14,Full Buy,23.043144857650407,-1,0,-1,1,Amateur
31,15,Full Buy,17.695186621651423,-1,0,-1,0,Amateur
32,1,Full Buy,10.954181666687614,0,0,-1,0,Amateur
32,2,Full Buy,17.217262669906304,1,0,-1,0,Amateur
32,3,Force,20.2929650062362,-1,0,-1,0,Amateur
32,4,Full Buy,5.777857941424422,1,0,-1,1,Amateur
32,5,Full Buy,20.79352354160757,1,0,-1,1,Amateur
32,6,Full Buy,7.127411235437885,0,0,-1,0,Amateur
32,7,Full Buy,15.860656983605178,-1,0,-1,0,Amateur
32,8,Full Buy,20.985988469351586,0,0,-1,1,Amateur
32,9,Full Buy,12.870551881248662,1,0,-1,1,Amateur
32,10,Full Buy,14.102135474725367,0,1,0,0,Amateur
32,11,Full Buy,9.59550174515131,1,1,0,1,Amateur
32,12,Full Buy,11.745951696356,-1,0,-1,0,Amateur
32,13,Full Buy,4.1239005483163655,0,0,-1,0,Amateur
32,14,Full Buy,14.20023288858618,1,0,-1,0,Amateur
33,1,Force,10.897327816361603,0,1,0,0,Amateur
33,2,Full Buy,5.9087934327289515,0,0,-1,1,Amateur
33,3,Force,23.44412508552739,-1,0,-1,0,Amateur
33,4,Full Buy,9.8909124965706,1,0,-1,1,Amateur
33,5,Full Buy,15.305612019084688,1,0,-1,0,Amateur
33,6,Full Buy,8.250602164824445,-1,0,-1,1,Amateur
33,7,Full Buy,12.732522807700754,0,1,1,1,Amateur
33,8,Force,4.202670585730523,-1,1,0,1,Amateur
33,9,Full Buy,17.098435206247313,-1,0,-1,1,Amateur
33,10,Full Buy,9.578051100800613,0,0,-1,0,Amateur
33,11,Force,11.05096982152805,0,0,-1,1,Amateur
33,12,Eco,11.874837910816954,-1,0,-1,0,Amateur
33,13,Full Buy,20.25093113407333,-1,0,-1,1,Amateur
33,14,Force,14.217728047799955,0,0,-1,1,Amateur
33,15,Full Buy,5.726485035257532,0,0,-1,0,Amateur
33,16,Full Buy,10.869131775635317,-1,0,-1,1,Amateur
33,17,Full Buy,14.695102435188637,0,0,-1,0,Amateur
33,18,Full Buy,11.153782285059764,0,0,-1,0,Amateur
33,19,Force,20.018556390914796,-1,0,-1,1,Amateur
33,20,Full Buy,18.92982823285749,0,0,-1,0,Amateur
34,1,Full Buy,11.625707107822393,-1,0,-1,0,Amateur
34,2,Force,0.03371030688967558,0,1,1,1,Amateur
34,3,Full Buy,18.848038617511055,0,0,-1,0,Amateur
34,4,Eco,7.628052999498276,-1,0,-1,1,Amateur
34,5,Force,6.865306865882877,-1,0,-1,0,Amateur
34,6,Full Buy,16.007374584435723,1,0,-1,0,Amateur
34,7,Full Buy,22.556041333244572,0,0,-1,0,Amateur
34,8,Full Buy,27.16520397279733,0,1,0,1,Amateur
34,9,Full Buy,11.025299859738999,0,1,0,1,Amateur
34,10,Full Buy,7.5582694689876675,1,0,-1,0,Amateur
34,11,Full Buy,17.85327283232821,-1,0,-1,0,Amateur
34,12,Full Buy,13.69388575308246,-1,0,-1,1,Amateur
34,13,Full Buy,8.495285116069262,0,0,-1,1,Amateur
34,14,Force,7.16210952060373,1,0,-1,1,Amateur
34,15,Force,12.024955917563597,-1,1,0,0,Amateur
34,16,Full Buy,19.114614971288255,-1,0,-1,0,Amateur
34,17,Full Buy,2.554118493380953,1,0,-1,0,Amateur
34,18,Full Buy,22.729748480229418,-1,0,-1,1,Amateur
34,19,Force,10.873681529361576,1,0,-1,0,Amateur
34,20,Full Buy,3.281269014598138,1,1,0,1,Amateur
34,21,Force,11.479014121442235,0,1,1,1,Amateur
35,1,Full Buy,19.056390256008928,0,0,-1,1,Amateur
35,2,Eco,14.16663180940126,-1,0,-1,0,Amateur
35,3,Full Buy,20.949341030280607,1,1,1,1,Amateur
35,4,Full Buy,5.25594541311856,1,0,-1,0,Amateur
35,5,Force,18.462399681315123,0,1,1,1,Amateur
35,6,Full Buy,1.6264140692790754,-1,0,-1,0,Amateur
35,7,Full Buy,26.365930566054455,0,0,-1,1,Amateur
35,8,Eco,18.669225251627818,0,1,0,0,Amateur
35,9,Eco,23.61475838677501,1,0,-1,0,Amateur
35,10,Eco,17.214828242747384,-1,0,-1,0,Amateur
35,11,Full Buy,12.538177653764329,1,1,1,1,Amateur
35,12,Full Buy,16.154588887342584,-1,0,-1,1,Amateur
35,13,Full Buy,16.006941001424355,-1,0,-1,1,Amateur
35,14,Full Buy,16.033720310137262,1,1,1,1,Amateur
35,15,Full Buy,9.111014564364503,0,0,-1,1,Amateur
35,16,Full Buy,3.8905953121509445,-1,0,-1,1,Amateur
35,17,Full Buy,9.431353147663822,0,0,-1,1,Amateur
35,18,Full Buy,13.24108708194089,0,0,-1,1,Amateur
35,19,Full Buy,17.271513187124558,-1,0,-1,1,Amateur
35,20,Full Buy,14.098810726779039,1,0,-1,0,Amateur
35,21,Full Buy,9.743481933673438,-1,0,-1,1,Amateur
36,1,Full Buy,10.978432881103597,-1,1,1,1,Amateur
36,2,Eco,9.932186178350069,0,0,-1,1,Amateur
36,3,Force,9.232886991552899,1,0,-1,0,Amateur
36,4,Eco,2.3772400758922405,1,1,1,1,Amateur
36,5,Full Buy,6.027754106081353,-1,0,-1,0,Amateur
36,6,Full Buy,14.779807958186975,-1,0,-1,1,Amateur
36,7,Force,10.395382309829316,1,0,-1,1,Amateur
36,8,Full Buy,16.76693075197926,0,0,-1,1,Amateur
36,9,Force,18.813555703620615,0,0,-1,1,Amateur
36,10,Full Buy,23.396534687089083,0,1,0,1,Amateur
36,11,Force,11.308110840084572,-1,1,0,0,Amateur
36,12,Full Buy,9.820819896882877,0,0,-1,0,Amateur
36,13,Full Buy,15.37721297395183,1,0,-1,1,Amateur
36,14,Force,12.725793405756463,-1,0,-1,0,Amateur
36,15,Force,12.562114398081382,-1,0,-1,1,Amateur
36,16,Eco,10.283314650302797,1,0,-1,0,Amateur
36,17,Full Buy,3.277104046792795,1,1,0,1,Amateur
36,18,Full Buy,13.40442054809459,-1,0,-1,0,Amateur
36,19,Eco,7.9903099039765255,1,1,1,1,Amateur
36,20,Force,10.403293862999114,-1,1,1,1,Amateur
36,21,Full Buy,11.485003802068775,-1,0,-1,1,Amateur
36,22,Full Buy,18.631507391642714,0,0,-1,0,Amateur
37,1,Force,19.412582569376582,-1,0,-1,0,Amateur
37,2,Full Buy,6.072702286980289,-1,1,0,0,Amateur
37,3,Force,11.292677450721758,1,0,-1,1,Amateur
37,4,Force,19.037033866887498,-1,0,-1,1,Amateur
37,5,Full Buy,15.383556649194164,-1,1,0,0,Amateur
37,6,Eco,14.721277788390331,-1,1,1,1,Amateur
37,7,Full Buy,0.0,0,0,-1,0,Amateur
37,8,Full Buy,23.77818533873115,0,0,-1,1,Amateur
37,9,Full Buy,20.741334901420906,-1,1,1,1,Amateur
37,10,Full Buy,6.936630809145976,-1,1,0,0,Amateur
37,11,Full Buy,0.0,0,1,1,1,Amateur
37,12,Full Buy,5.956114519721605,-1,1,0,0,Amateur
37,13,Force,10.592167499963429,0,0,-1,0,Amateur
37,14,Force,8.399951184480049,-1,0,-1,1,Amateur
37,15,Full Buy,15.396458253207246,1,1,0,0,Amateur
37,16,Full Buy,17.82583455746187,0,0,-1,0,Amateur
37,17,Full Buy,20.746464489526648,-1,0,-1,1,Amateur
37,18,Force,18.0175915859265,-1,0,-1,1,Amateur
37,19,Full Buy,0.0,1,0,-1,0,Amateur
37,20,Full Buy,19.115617738260056,0,0,-1,1,Amateur
37,21,Full Buy,9.51915223354675,-1,0,-1,1,Amateur
37,22,Eco,13.604977931503338,0,0,-1,1,Amateur
38,1,Full Buy,11.500778240051497,0,1,1,0,Amateur
38,2,Full Buy,3.917432520124386,-1,1,0,0,Amateur
38,3,Full Buy,7.6950066279588665,0,1,0,1,Amateur
38,4,Full Buy,10.689159342234849,-1,0,-1,1,Amateur
38,5,Force,11.518331126481762,0,0,-1,0,Amateur
38,6,Full Buy,9.06637626613429,1,0,-1,0,Amateur
38,7,Full Buy,20.102517705075883,-1,1,0,1,Amateur
38,8,Full Buy,20.25007249808123,0,0,-1,0,Amateur
38,9,Full Buy,18.738098321837082,-1,1,1,1,Amateur
38,10,Full Buy,10.927677297751346,0,1,0,0,Amateur
38,11,Full Buy,11.318930313847561,-1,1,1,1,Amateur
38,12,Full Buy,20.727141403213803,-1,1,0,0,Amateur
38,13,Force,16.32617422546767,-1,0,-1,0,Amateur
39,1,Full Buy,20.074915152102776,-1,0,-1,0,Amateur
39,2,Full Buy,18.243307611682276,0,0,-1,0,Amateur
39,3,Force,17.387835599196908,0,0,-1,1,Amateur
39,4,Full Buy,14.305415677768654,1,0,-1,1,Amateur
39,5,Full Buy,12.991972476471755,1,1,0,0,Amateur
39,6,Full Buy,7.945524049030607,1,0,-1,0,Amateur
39,7,Full Buy,0.0,-1,0,-1,1,Amateur
39,8,Force,4.645204078954784,-1,0,-1,0,Amateur
39,9,Eco,7.1298479292529535,0,1,0,0,Amateur
39,10,Force,9.475103619278393,-1,0,-1,1,Amateur
39,11,Eco,14.907610780746369,-1,0,-1,0,Amateur
39,12,Eco,0.0,-1,0,-1,0,Amateur
39,13,Full Buy,16.4194627071727,-1,0,-1,1,Amateur
39,14,Full Buy,29.53128010803283,-1,0,-1,0,Amateur
39,15,Full Buy,6.243371793850796,-1,0,-1,1,Amateur
39,16,Full Buy,8.721114205636274,-1,0,-1,0,Amateur
39,17,Full Buy,15.790866285355664,0,0,-1,0,Amateur
39,18,Eco,9.575325369006338,-1,0,-1,0,Amateur
39,19,Full Buy,11.758056932540523,-1,0,-1,0,Amateur
39,20,Full Buy,3.511293502966124,-1,0,-1,1,Amateur
40,1,Full Buy,21.884208595208655,0,0,-1,1,Amateur
40,2,Full Buy,14.49064981570136,0,0,-1,1,Amateur
40,3,Full Buy,22.802798563566977,0,1,0,1,Amateur
40,4,Full Buy,16.879572927622277,-1,1,1,1,Amateur
40,5,Eco,0.0,-1,0,-1,0,Amateur
40,6,Eco,27.37080417151164,1,1,0,0,Amateur
40,7,Full Buy,14.227007452537467,0,1,0,0,Amateur
40,8,Force,3.6429219278684855,-1,1,1,1,Amateur
40,9,Full Buy,15.234122030643933,-1,1,1,1,Amateur
40,10,Eco,13.917145334550888,-1,0,-1,0,Amateur
40,11,Full Buy,10.470826066228966,1,1,1,0,Amateur
40,12,Full Buy,12.550710870978264,1,0,-1,1,Amateur
40,13,Eco,17.34523288695597,-1,0,-1,0,Amateur
40,14,Full Buy,20.281319953549264,-1,0,-1,1,Amateur
40,15,Full Buy,16.519004242412798,0,1,1,1,Amateur
40,16,Full Buy,10.5619458249298,-1,0,-1,1,Amateur
41,1,Force,15.742905815981837,1,1,0,0,Amateur
41,2,Full Buy,0.0,0,0,-1,0,Amateur
41,3,Eco,0.8897638239529595,1,0,-1,0,Amateur
41,4,Force,26.182930371877436,0,0,-1,0,Amateur
41,5,Force,5.253664125231072,-1,0,-1,1,Amateur
41,6,Eco,17.009747038683855,1,0,-1,1,Amateur
41,7,Full Buy,9.18423006843664,-1,1,0,1,Amateur
41,8,Full Buy,23.660863863369677,-1,0,-1,1,Amateur
41,9,Full Buy,7.326047032622443,-1,0,-1,1,Amateur
41,10,Eco,0.8473296898105058,-1,1,1,0,Amateur
41,11,Eco,6.774536048445546,-1,1,1,0,Amateur
41,12,Force,22.647988655358716,1,0,-1,1,Amateur
41,13,Full Buy,2.258639080162922,1,0,-1,1,Amateur
41,14,Force,18.871335007364614,1,0,-1,0,Amateur
41,15,Full Buy,10.278984563439408,-1,0,-1,0,Amateur
41,16,Full Buy,15.795791244949614,1,0,-1,0,Amateur
41,17,Full Buy,5.211951885922646,1,0,-1,0,Amateur
41,18,Full Buy,5.787854686939628,0,0,-1,0,Amateur
41,19,Eco,10.217411527630965,0,0,-1,1,Amateur
42,1,Eco,10.789523364918807,1,1,1,1,Amateur
42,2,Full Buy,27.084238916724274,-1,0,-1,0,Amateur
42,3,Full Buy,13.953210181453787,-1,0,-1,1,Amateur
42,4,Full Buy,9.885739574158073,-1,1,1,0,Amateur
42,5,Full Buy,6.676473297166169,0,0,-1,1,Amateur
42,6,Force,4.290774211255172,-1,1,0,0,Amateur
42,7,Full Buy,24.650186714071783,0,0,-1,0,Amateur
42,8,Eco,11.668894393828904,0,0,-1,0,Amateur
42,9,Full Buy,13.397197970134378,-1,0,-1,1,Amateur
42,10,Full Buy,15.187935214204199,1,0,-1,1,Amateur
42,11,Full Buy,15.849737908122473,-1,1,0,1,Amateur
42,12,Force,12.89951873405096,-1,1,0,1,Amateur
42,13,Full Buy,12.089141592170794,1,0,-1,0,Amateur
42,14,Full Buy,14.613072213973524,0,0,-1,1,Amateur
42,15,Full Buy,8.407707821337166,1,1,1,0,Amateur
42,16,Full Buy,23.228989942746658,1,0,-1,0,Amateur
42,17,Full Buy,0.0925964821430405,0,0,-1,1,Amateur
43,1,Force,2.132402053996458,-1,0,-1,1,Amateur
43,2,Force,19.28430529100609,1,0,-1,0,Amateur
43,3,Full Buy,13.420958845778046,-1,0,-1,0,Amateur
43,4,Force,15.433123717939388,-1,0,-1,0,Amateur
43,5,Force,9.42431021961272,-1,1,1,1,Amateur
43,6,Full Buy,12.713424699668135,0,0,-1,0,Amateur
43,7,Full Buy,16.02017683796332,1,0,-1,1,Amateur
43,8,Full Buy,19.147368246272176,0,0,-1,0,Amateur
43,9,Force,20.79585966378575,-1,0,-1,0,Amateur
43,10,Eco,0.0,0,0,-1,0,Amateur
43,11,Full Buy,15.613269011484338,1,0,-1,1,Amateur
43,12,Force,17.412747304224396,-1,0,-1,0,Amateur
43,13,Force,18.338686853069866,1,0,-1,1,Amateur
44,1,Force,7.2964727302068635,0,0,-1,0,Amateur
44,2,Full Buy,11.512997490626734,-1,0,-1,1,Amateur
44,3,Full Buy,23.52949997980946,1,0,-1,0,Amateur
44,4,Full Buy,6.1724378090522505,-1,1,1,1,Amateur
44,5,Full Buy,22.124555523543314,-1,0,-1,1,Amateur
44,6,Force,14.647717823836087,-1,0,-1,0,Amateur
44,7,Full Buy,3.7194436005202665,0,0,-1,1,Amateur
44,8,Eco,11.947756778096895,1,0,-1,1,Amateur
44,9,Full Buy,10.713126507695453,-1,0,-1,1,Amateur
44,10,Eco,16.395009040662597,0,1,0,1,Amateur
44,11,Full Buy,9.725244720174137,-1,0,-1,1,Amateur
44,12,Full Buy,8.525386071039076,1,0,-1,1,Amateur
44,13,Full Buy,6.763772716405589,-1,0,-1,1,Amateur
44,14,Force,17.584829089551828,0,1,0,1,Amateur
44,15,Full Buy,18.67559051914197,1,0,-1,0,Amateur
44,16,Full Buy,16.90113005646341,-1,1,0,1,Amateur
44,17,Full Buy,12.060983766134797,-1,0,-1,1,Amateur
44,18,Full Buy,21.27323765071973,-1,1,1,1,Amateur
45,1,Full Buy,16.366356649242267,-1,0,-1,0,Amateur
45,2,Full Buy,8.69973799132594,-1,0,-1,0,Amateur
45,3,Full Buy,8.031477054365254,1,0,-1,1,Amateur
45,4,Full Buy,10.704406558128486,0,1,0,1,Amateur
45,5,Eco,18.6075667465173,1,0,-1,1,Amateur
45,6,Eco,12.950685101636116,-1,1,1,0,Amateur
45,7,Force,11.490732950023844,1,0,-1,0,Amateur
45,8,Full Buy,3.2684465239257605,1,0,-1,1,Amateur
45,9,Full Buy,14.104330075056387,1,0,-1,0,Amateur
45,10,Full Buy,2.2710960807704836,0,0,-1,1,Amateur
45,11,Force,11.626035440284442,0,0,-1,1,Amateur
45,12,Full Buy,17.850003089662057,1,0,-1,0,Amateur
45,13,Full Buy,17.077999231661636,0,0,-1,0,Amateur
45,14,Full Buy,9.107168772674536,1,0,-1,1,Amateur
45,15,Full Buy,12.08957794512466,-1,0,-1,1,Amateur
45,16,Full Buy,8.419186733820396,0,0,-1,1,Amateur
45,17,Full Buy,6.485350474277291,0,0,-1,1,Amateur
45,18,Full Buy,5.903358471520959,0,1,1,1,Amateur
46,1,Eco,18.935525213472847,-1,0,-1,0,Amateur
46,2,Eco,26.35466152286896,0,0,-1,1,Amateur
46,3,Full Buy,12.492203737353323,0,1,1,0,Amateur
46,4,Full Buy,14.69643094855307,-1,0,-1,1,Amateur
46,5,Full Buy,3.577047748308402,-1,0,-1,0,Amateur
46,6,Force,18.76235871885021,1,1,1,1,Amateur
46,7,Full Buy,17.78233637255719,0,0,-1,0,Amateur
46,8,Force,6.365296714100873,-1,1,0,0,Amateur
46,9,Eco,17.238208917743748,0,0,-1,1,Amateur
46,10,Force,16.963587354271656,0,1,1,0,Amateur
46,11,Force,15.10716522914493,-1,0,-1,1,Amateur
46,12,Force,8.179883827543613,0,0,-1,1,Amateur
46,13,Full Buy,10.078955252315986,-1,0,-1,0,Amateur
46,14,Full Buy,11.280343068284175,1,0,-1,0,Amateur
47,1,Force,19.031442640805025,1,0,-1,0,Amateur
47,2,Full Buy,13.126118104311127,-1,0,-1,1,Amateur
47,3,Full Buy,16.30841242090384,1,1,0,1,Amateur
47,4,Force,6.105048119280894,1,1,0,1,Amateur
47,5,Eco,14.390760066831849,0,0,-1,0,Amateur
47,6,Eco,24.792058222118293,1,0,-1,1,Amateur
47,7,Full Buy,25.90729084401365,-1,0,-1,0,Amateur
47,8,Full Buy,24.18976678467439,1,0,-1,1,Amateur
47,9,Full Buy,18.614899210326836,1,0,-1,0,Amateur
47,10,Eco,14.433312176812489,0,1,1,0,Amateur
47,11,Full Buy,18.361147956364306,1,1,0,1,Amateur
47,12,Full Buy,16.221901374876126,-1,0,-1,1,Amateur
47,13,Full Buy,14.363896381890967,1,0,-1,0,Amateur
47,14,Full Buy,10.226977370438748,1,0,-1,0,Amateur
47,15,Full Buy,7.6274184726279515,-1,1,0,1,Amateur
47,16,Force,12.349120458873491,0,1,0,1,Amateur
47,17,Eco,11.27884870974696,-1,0,-1,0,Amateur
47,18,Full Buy,12.588647014062897,-1,0,-1,0,Amateur
48,1,Full Buy,9.464882047428649,1,0,-1,1,Amateur
48,2,Full Buy,14.169259005084486,1,0,-1,1,Amateur
48,3,Force,15.921765915137419,0,0,-1,1,Amateur
48,4,Full Buy,11.869108114618781,1,0,-1,0,Amateur
48,5,Full Buy,8.62586507564115,0,0,-1,0,Amateur
48,6,Full Buy,8.266311542303033,0,0,-1,0,Amateur
48,7,Full Buy,5.339446417148997,1,1,1,1,Amateur
48,8,Force,8.746475582385692,-1,0,-1,0,Amateur
48,9,Force,12.038823239477843,0,0,-1,0,Amateur
48,10,Full Buy,11.027383335192932,1,0,-1,1,Amateur
48,11,Full Buy,13.689488436172766,0,0,-1,0,Amateur
48,12,Full Buy,0.0,0,0,-1,1,Amateur
48,13,Full Buy,9.395360285609993,1,0,-1,1,Amateur
48,14,Full Buy,14.56163857541926,-1,1,0,0,Amateur
48,15,Force,21.837429264138652,0,0,-1,1,Amateur
48,16,Eco,11.930322180528485,-1,1,1,1,Amateur
48,17,Full Buy,23.55773182229501,-1,0,-1,1,Amateur
48,18,Force,25.69385388960796,0,1,1,0,Amateur
48,19,Force,10.599847969097052,-1,1,1,0,Amateur
48,20,Eco,3.838551815461498,1,0,-1,1,Amateur
48,21,Full Buy,26.54071969535971,0,0,-1,1,Amateur
49,1,Full Buy,12.537615007717658,0,1,0,1,Amateur
49,2,Full Buy,23.47091442357273,1,0,-1,1,Amateur
49,3,Full Buy,17.815299775971372,0,0,-1,1,Amateur
49,4,Full Buy,24.485102587038735,-1,1,1,1,Amateur
49,5,Full Buy,7.5839237434328295,1,0,-1,0,Amateur
49,6,Full Buy,23.766458052738287,0,0,-1,0,Amateur
49,7,Full Buy,13.216477924477495,0,0,-1,1,Amateur
49,8,Full Buy,9.981971817726436,1,0,-1,1,Amateur
49,9,Eco,12.465272546132166,-1,1,1,1,Amateur
49,10,Full Buy,11.967363047673608,-1,0,-1,0,Amateur
49,11,Eco,12.563414623943421,0,0,-1,0,Amateur
49,12,Full Buy,11.756357207824566,-1,0,-1,1,Amateur
49,13,Eco,13.380460349829116,-1,0,-1,1,Amateur
49,14,Full Buy,3.5960112301481306,0,1,0,0,Amateur
49,15,Full Buy,10.25234806549841,-1,0,-1,0,Amateur
49,16,Eco,8.736056615503331,0,0,-1,0,Amateur
49,17,Full Buy,9.194849533934399,-1,1,1,1,Amateur
49,18,Full Buy,7.66533300538044,-1,0,-1,1,Amateur
49,19,Full Buy,23.656082943411377,0,0,-1,0,Amateur
49,20,Full Buy,13.53713967101558,-1,0,-1,1,Amateur
49,21,Full Buy,15.311390719159158,-1,0,-1,1,Amateur
49,22,Full Buy,12.962427693245628,0,0,-1,0,Amateur
50,1,Full Buy,9.034423033379696,-1,0,-1,0,Amateur
50,2,Eco,5.1587159291895635,-1,1,1,1,Amateur
50,3,Full Buy,3.848411524383252,-1,0,-1,0,Amateur
50,4,Full Buy,1.8148950585361359,-1,1,1,1,Amateur
50,5,Full Buy,13.711797768131083,1,0,-1,1,Amateur
50,6,Eco,13.73957677518243,1,0,-1,0,Amateur
50,7,Full Buy,19.55946812571422,1,0,-1,0,Amateur
50,8,Full Buy,8.876368442280192,1,0,-1,0,Amateur
50,9,Full Buy,15.95476015442934,-1,0,-1,1,Amateur
50,10,Force,23.898172855826846,0,0,-1,0,Amateur
50,11,Full Buy,12.668405082188949,-1,0,-1,1,Amateur
50,12,Full Buy,1.9247626565771085,-1,0,-1,1,Amateur
50,13,Eco,15.829490056941324,1,0,-1,0,Amateur
50,14,Full Buy,18.011109212836715,-1,0,-1,0,Amateur
50,15,Full Buy,25.02884950853923,1,0,-1,1,Amateur
50,16,Full Buy,0.0,-1,0,-1,1,Amateur
50,17,Full Buy,0.0,1,0,-1,0,Amateur
50,18,Full Buy,27.294487570495164,1,1,1,1,Amateur
51,1,Full Buy,21.18190490181903,-1,0,-1,1,Amateur
51,2,Full Buy,10.113309236397672,0,0,-1,1,Amateur
51,3,Full Buy,16.28002548967773,0,0,-1,1,Amateur
51,4,Force,22.21582320529283,1,1,1,1,Amateur
51,5,Full Buy,1.4249251906261655,0,0,-1,0,Amateur
51,6,Force,14.852296908477497,-1,1,0,0,Amateur
51,7,Full Buy,8.13976832692819,0,0,-1,0,Amateur
51,8,Full Buy,2.291169642577108,0,0,-1,0,Amateur
51,9,Force,22.01017455204913,-1,1,1,1,Amateur
51,10,Full Buy,4.528900830385188,0,0,-1,0,Amateur
51,11,Full Buy,5.467700543859476,0,0,-1,1,Amateur
51,12,Full Buy,14.510736312530222,-1,0,-1,0,Amateur
51,13,Eco,30.249487086994545,0,0,-1,0,Amateur
51,14,Full Buy,15.28735134363056,0,0,-1,1,Amateur
51,15,Full Buy,6.242063431991129,0,1,1,0,Amateur
51,16,Full Buy,11.137087190839324,-1,0,-1,0,Amateur
51,17,Full Buy,16.52870752136592,-1,0,-1,0,Amateur
51,18,Full Buy,18.53802698058771,-1,0,-1,1,Amateur
51,19,Full Buy,13.174079388114079,1,0,-1,0,Amateur
51,20,Force,7.268651249522854,1,0,-1,0,Amateur
51,21,Full Buy,12.312960619251946,1,0,-1,1,Amateur
51,22,Full Buy,14.546417657007254,-1,0,-1,0,Amateur
52,1,Force,15.944897417129352,0,0,-1,1,Amateur
52,2,Full Buy,8.954554562171026,-1,1,0,0,Amateur
52,3,Full Buy,0.0,-1,0,-1,1,Amateur
52,4,Force,4.640674192353975,-1,0,-1,1,Amateur
52,5,Full Buy,17.833308802850592,-1,1,0,1,Amateur
52,6,Full Buy,14.859318952207735,1,1,1,1,Amateur
52,7,Eco,22.510080087324795,-1,1,1,0,Amateur
52,8,Force,10.520748711250093,-1,1,0,0,Amateur
52,9,Full Buy,26.80967528302663,0,0,-1,1,Amateur
52,10,Eco,15.906236216261503,0,0,-1,0,Amateur
52,11,Full Buy,20.633393074353478,-1,0,-1,0,Amateur
52,12,Full Buy,21.39912838646478,-1,0,-1,1,Amateur
52,13,Full Buy,23.664677185603274,0,0,-1,1,Amateur
52,14,Full Buy,3.4348666117415565,0,1,0,0,Amateur
52,15,Force,15.873850597293316,-1,0,-1,0,Amateur
52,16,Force,11.382513657796238,1,0,-1,0,Amateur
52,17,Eco,17.89461406504098,1,0,-1,1,Amateur
52,18,Eco,4.483385512312042,1,0,-1,0,Amateur
52,19,Force,14.555649456413668,-1,0,-1,0,Amateur
52,20,Full Buy,13.544319439937562,-1,0,-1,0,Amateur
53,1,Force,18.662434885749036,-1,0,-1,1,Amateur
53,2,Force,8.908812957046933,0,0,-1,1,Amateur
53,3,Full Buy,10.629209731309821,1,1,0,0,Amateur
53,4,Full Buy,11.794990084040686,0,0,-1,0,Amateur
53,5,Force,8.70488676246044,-1,0,-1,0,Amateur
53,6,Full Buy,14.373686584667043,0,0,-1,0,Amateur
53,7,Full Buy,25.109197790784112,0,0,-1,1,Amateur
53,8,Eco,2.660895960299003,-1,0,-1,1,Amateur
53,9,Force,13.474869597418564,1,0,-1,0,Amateur
53,10,Full Buy,0.0,0,1,1,1,Amateur
53,11,Full Buy,11.322853727424038,0,0,-1,1,Amateur
53,12,Full Buy,13.06134439419757,-1,0,-1,0,Amateur
53,13,Force,20.672489352341792,-1,0,-1,1,Amateur
54,1,Full Buy,15.977249158310773,-1,0,-1,1,Amateur
54,2,Full Buy,0.0,1,0,-1,0,Amateur
54,3,Full Buy,15.56549066120858,-1,0,-1,0,Amateur
54,4,Full Buy,8.067738860685392,-1,0,-1,1,Amateur
54,5,Full Buy,7.423391799521338,0,0,-1,1,Amateur
54,6,Eco,3.7586683491725523,1,1,0,0,Amateur
54,7,Full Buy,11.80132730481466,1,0,-1,1,Amateur
54,8,Full Buy,22.90006574203095,-1,0,-1,1,Amateur
54,9,Full Buy,19.040375200707498,1,0,-1,0,Amateur
54,10,Eco,13.151844388683989,1,0,-1,1,Amateur
54,11,Full Buy,6.375354088495276,0,0,-1,0,Amateur
54,12,Eco,11.573238124155985,-1,1,0,0,Amateur
54,13,Force,17.52968875314065,0,0,-1,0,Amateur
55,1,Full Buy,13.884199396382401,1,0,-1,0,Amateur
55,2,Full Buy,9.716084020527138,0,0,-1,0,Amateur
55,3,Full Buy,8.741544647244638,0,0,-1,1,Amateur
55,4,Full Buy,17.14771215122433,-1,1,0,0,Amateur
55,5,Full Buy,18.059788264898586,-1,0,-1,0,Amateur
55,6,Eco,13.782594107423717,0,0,-1,1,Amateur
55,7,Full Buy,12.383133112953137,1,0,-1,1,Amateur
55,8,Full Buy,24.119551060475402,1,0,-1,1,Amateur
55,9,Eco,18.378337946032204,0,0,-1,0,Amateur
55,10,Full Buy,8.629212038224946,1,0,-1,0,Amateur
55,11,Eco,17.092782973425454,1,0,-1,1,Amateur
55,12,Full Buy,10.40842085693552,-1,0,-1,1,Amateur
55,13,Full Buy,17.703612254701483,-1,1,0,0,Amateur
55,14,Eco,15.689414504041276,1,0,-1,0,Amateur
55,15,Eco,17.519113985219356,0,0,-1,0,Amateur
55,16,Full Buy,13.135668663886177,0,0,-1,0,Amateur
55,17,Full Buy,32.28652420603931,-1,1,0,1,Amateur
55,18,Force,10.860725700923377,-1,1,0,1,Amateur
55,19,Force,16.40329354093357,0,0,-1,0,Amateur
55,20,Full Buy,0.0,-1,0,-1,1,Amateur
55,21,Full Buy,17.635751299870172,1,0,-1,0,Amateur
55,22,Force,6.487860115018885,1,0,-1,1,Amateur
